{
  "target_type": "Type4",
  "true_params": {
    "A": 5.0,
    "B": 10.0,
    "G": 15.0,
    "p_mean": 90.0,
    "p_sigma": 2.0
  },
  "best_params": {
    "A": 2.000756317906193,
    "B": 29.747402835022577,
    "G": 20.447966121811586
  },
  "best_loss": 3.321744657114323e-08,
  "budget": 30,
  "duration_ms": 5000.0,
  "elapsed_s": 42.02762413024902,
  "param_errors": {
    "A": 2.999243682093807,
    "B": 19.747402835022577,
    "G": 5.447966121811586
  }
}