{
  "mode": "random_psd",
  "budget": 40,
  "duration_ms": 5000.0,
  "best_loss": 0.014232550747692585,
  "elapsed_s": 7.698843240737915,
  "true_params": {
    "A": 7.96560443700367,
    "B": 20.36074539132183,
    "G": 35.050927196898385,
    "a": 131.4702212681299,
    "b": 23.676320849618683,
    "g": 1148.7135620140618
  },
  "best_params": {
    "A": 8.255470308344636,
    "B": 34.55693009743024,
    "G": 21.56241988685053,
    "a": 125.43128008785513,
    "b": 28.694590480672815,
    "g": 679.4695966305871
  },
  "param_errors": {
    "A": 0.2898658713409663,
    "B": 14.196184706108408,
    "G": 13.488507310047854,
    "a": 6.038941180274776,
    "b": 5.018269631054132,
    "g": 469.2439653834747
  }
}