{
  "A": 7.96560443700367,
  "B": 20.36074539132183,
  "G": 35.050927196898385,
  "a": 131.4702212681299,
  "b": 23.676320849618683,
  "g": 1148.7135620140618,
  "e0": 2.5,
  "v0": 6.0,
  "r": 0.56,
  "C": 135.0,
  "C1": 1.0,
  "C2": 0.8,
  "C3": 0.25,
  "C4": 0.25,
  "C5": 0.3,
  "C6": 0.1,
  "C7": 0.8,
  "p_mean": 90.0,
  "p_sigma": 2.0
}